"No.","Time","Source","Destination","Protocol","Length","Info"
"1","0.000000","151.101.65.140","100.86.235.39","TLSv1.2","720","Application Data"
"2","0.000029","151.101.65.140","100.86.235.39","TLSv1.2","326","Application Data"
"3","0.000191","100.86.235.39","151.101.65.140","TCP","66","56383  >  443 [ACK] Seq=1 Ack=915 Win=2048 Len=0 TSval=1359755512 TSecr=556980485"
"4","0.000456","151.101.65.140","100.86.235.39","TLSv1.2","242","Application Data"
"5","0.000457","151.101.65.140","100.86.235.39","TLSv1.2","361","Application Data"
"6","0.000548","100.86.235.39","151.101.65.140","TCP","66","56383  >  443 [ACK] Seq=1 Ack=1386 Win=2048 Len=0 TSval=1359755512 TSecr=556980486"
"7","0.000602","151.101.65.140","100.86.235.39","TLSv1.2","559","Application Data"
"8","0.000604","151.101.65.140","100.86.235.39","TLSv1.2","188","Application Data"
"9","0.000722","100.86.235.39","151.101.65.140","TCP","66","56383  >  443 [ACK] Seq=1 Ack=2001 Win=2048 Len=0 TSval=1359755512 TSecr=556980486"
"10","0.001108","151.101.65.140","100.86.235.39","TLSv1.2","228","Application Data"
"11","0.001166","100.86.235.39","151.101.65.140","TCP","66","56383  >  443 [ACK] Seq=1 Ack=2163 Win=2048 Len=0 TSval=1359755513 TSecr=556980486"
"12","0.001377","151.101.65.140","100.86.235.39","TLSv1.2","708","Application Data"
"13","0.001427","100.86.235.39","151.101.65.140","TCP","66","56383  >  443 [ACK] Seq=1 Ack=2805 Win=2048 Len=0 TSval=1359755513 TSecr=556980487"
"14","0.004087","151.101.65.140","100.86.235.39","TLSv1.2","1299","Application Data"
"15","0.004142","100.86.235.39","151.101.65.140","TCP","66","56383  >  443 [ACK] Seq=1 Ack=4038 Win=2048 Len=0 TSval=1359755516 TSecr=556980490"
"16","0.022230","151.101.65.140","100.86.235.39","TLSv1.2","226","Application Data"
"17","0.022363","100.86.235.39","151.101.65.140","TCP","66","56383  >  443 [ACK] Seq=1 Ack=4198 Win=2048 Len=0 TSval=1359755534 TSecr=556980508"
"18","0.025069","151.101.65.140","100.86.235.39","TLSv1.2","124","Application Data"
"19","0.025170","100.86.235.39","151.101.65.140","TCP","66","56383  >  443 [ACK] Seq=1 Ack=4256 Win=2048 Len=0 TSval=1359755537 TSecr=556980511"
"20","0.028124","151.101.65.140","100.86.235.39","TLSv1.2","154","Application Data"
"21","0.028248","100.86.235.39","151.101.65.140","TCP","66","56383  >  443 [ACK] Seq=1 Ack=4344 Win=2048 Len=0 TSval=1359755540 TSecr=556980514"
"22","0.053591","151.101.65.140","100.86.235.39","TLSv1.2","149","Application Data"
"23","0.053824","100.86.235.39","151.101.65.140","TCP","66","56383  >  443 [ACK] Seq=1 Ack=4427 Win=2048 Len=0 TSval=1359755566 TSecr=556980539"
"24","0.054351","151.101.65.140","100.86.235.39","TLSv1.2","139","Application Data"
"25","0.054434","100.86.235.39","151.101.65.140","TCP","66","56383  >  443 [ACK] Seq=1 Ack=4500 Win=2048 Len=0 TSval=1359755566 TSecr=556980540"
"26","0.058815","151.101.65.140","100.86.235.39","TLSv1.2","519","Application Data"
"27","0.058816","151.101.65.140","100.86.235.39","TLSv1.2","176","Application Data"
"28","0.058817","151.101.65.140","100.86.235.39","TLSv1.2","255","Application Data"
"29","0.058817","151.101.65.140","100.86.235.39","TLSv1.2","257","Application Data"
"30","0.059051","100.86.235.39","151.101.65.140","TCP","66","56383  >  443 [ACK] Seq=1 Ack=5443 Win=2048 Len=0 TSval=1359755571 TSecr=556980545"
"31","0.059618","151.101.65.140","100.86.235.39","TLSv1.2","428","Application Data"
"32","0.059619","151.101.65.140","100.86.235.39","TLSv1.2","282","Application Data"
"33","0.059619","151.101.65.140","100.86.235.39","TLSv1.2","798","Application Data, Application Data"
"34","0.059620","151.101.65.140","100.86.235.39","TLSv1.2","292","Application Data"
"35","0.059620","151.101.65.140","100.86.235.39","TLSv1.2","158","Application Data"
"36","0.059690","100.86.235.39","151.101.65.140","TCP","66","56383  >  443 [ACK] Seq=1 Ack=7071 Win=2022 Len=0 TSval=1359755571 TSecr=556980545"
"37","0.060992","151.101.65.140","100.86.235.39","TLSv1.2","134","Application Data"
"38","0.060993","151.101.65.140","100.86.235.39","TLSv1.2","196","Application Data"
"39","0.060993","151.101.65.140","100.86.235.39","TLSv1.2","240","Application Data"
"40","0.060994","151.101.65.140","100.86.235.39","TLSv1.2","314","Application Data, Application Data"
"41","0.060994","151.101.65.140","100.86.235.39","TLSv1.2","224","Application Data, Application Data"
"42","0.060994","151.101.65.140","100.86.235.39","TLSv1.2","391","Application Data"
"43","0.061051","100.86.235.39","151.101.65.140","TCP","66","56383  >  443 [ACK] Seq=1 Ack=8174 Win=2030 Len=0 TSval=1359755573 TSecr=556980546"
"44","0.073849","151.101.65.140","100.86.235.39","TLSv1.2","298","Application Data"
"45","0.073850","151.101.65.140","100.86.235.39","TLSv1.2","167","Application Data"
"46","0.073945","100.86.235.39","151.101.65.140","TCP","66","56383  >  443 [ACK] Seq=1 Ack=8507 Win=2042 Len=0 TSval=1359755586 TSecr=556980559"
"47","0.076976","151.101.65.140","100.86.235.39","TLSv1.2","154","Application Data"
"48","0.076977","151.101.65.140","100.86.235.39","TLSv1.2","130","Application Data"
"49","0.077098","100.86.235.39","151.101.65.140","TCP","66","56383  >  443 [ACK] Seq=1 Ack=8659 Win=2045 Len=0 TSval=1359755589 TSecr=556980563"
"50","0.077178","151.101.65.140","100.86.235.39","TLSv1.2","275","Application Data"
"51","0.077179","151.101.65.140","100.86.235.39","TLSv1.2","293","Application Data"
"52","0.077465","100.86.235.39","151.101.65.140","TCP","66","56383  >  443 [ACK] Seq=1 Ack=9095 Win=2048 Len=0 TSval=1359755589 TSecr=556980563"
"53","0.077657","151.101.65.140","100.86.235.39","TLSv1.2","528","Application Data"
"54","0.077658","151.101.65.140","100.86.235.39","TLSv1.2","188","Application Data"
"55","0.077659","151.101.65.140","100.86.235.39","TLSv1.2","237","Application Data"
"56","0.077905","100.86.235.39","151.101.65.140","TCP","66","56383  >  443 [ACK] Seq=1 Ack=9850 Win=2048 Len=0 TSval=1359755589 TSecr=556980563"
"57","0.077992","151.101.65.140","100.86.235.39","TLSv1.2","490","Application Data"
"58","0.077993","151.101.65.140","100.86.235.39","TLSv1.2","311","Application Data"
"59","0.078238","100.86.235.39","151.101.65.140","TCP","66","56383  >  443 [ACK] Seq=1 Ack=10519 Win=2048 Len=0 TSval=1359755590 TSecr=556980564"
"60","0.097551","151.101.65.140","100.86.235.39","TLSv1.2","689","Application Data"
"61","0.097552","151.101.65.140","100.86.235.39","TLSv1.2","1136","Application Data"
"62","0.097554","151.101.65.140","100.86.235.39","TLSv1.2","352","Application Data"
"63","0.097696","100.86.235.39","151.101.65.140","TCP","66","56383  >  443 [ACK] Seq=1 Ack=12498 Win=2017 Len=0 TSval=1359755610 TSecr=556980584"
"64","0.097948","151.101.65.140","100.86.235.39","TLSv1.2","264","Application Data"
"65","0.098027","100.86.235.39","151.101.65.140","TCP","66","56383  >  443 [ACK] Seq=1 Ack=12696 Win=2044 Len=0 TSval=1359755610 TSecr=556980584"
"66","0.113265","151.101.65.140","100.86.235.39","TLSv1.2","211","Application Data"
"67","0.113395","100.86.235.39","151.101.65.140","TCP","66","56383  >  443 [ACK] Seq=1 Ack=12841 Win=2045 Len=0 TSval=1359755626 TSecr=556980599"
"68","0.118609","151.101.65.140","100.86.235.39","TLSv1.2","186","Application Data"
"69","0.118610","151.101.65.140","100.86.235.39","TLSv1.2","187","Application Data"
"70","0.118852","100.86.235.39","151.101.65.140","TCP","66","56383  >  443 [ACK] Seq=1 Ack=13082 Win=2048 Len=0 TSval=1359755631 TSecr=556980604"
"71","0.122342","151.101.65.140","100.86.235.39","TLSv1.2","135","Application Data"
"72","0.122344","151.101.65.140","100.86.235.39","TLSv1.2","194","Application Data"
"73","0.122642","100.86.235.39","151.101.65.140","TCP","66","56383  >  443 [ACK] Seq=1 Ack=13279 Win=2048 Len=0 TSval=1359755635 TSecr=556980608"
"74","0.126415","151.101.65.140","100.86.235.39","TLSv1.2","323","Application Data"
"75","0.126417","151.101.65.140","100.86.235.39","TLSv1.2","213","Application Data"
"76","0.126418","151.101.65.140","100.86.235.39","TLSv1.2","190","Application Data"
"77","0.126476","151.101.65.140","100.86.235.39","TLSv1.2","145","Application Data"
"78","0.126895","100.86.235.39","151.101.65.140","TCP","66","56383  >  443 [ACK] Seq=1 Ack=13886 Win=2048 Len=0 TSval=1359755639 TSecr=556980612"
"79","0.137084","151.101.65.140","100.86.235.39","TLSv1.2","407","Application Data"
"80","0.137367","100.86.235.39","151.101.65.140","TCP","66","56383  >  443 [ACK] Seq=1 Ack=14227 Win=2048 Len=0 TSval=1359755649 TSecr=556980622"
"81","0.137900","151.101.65.140","100.86.235.39","TLSv1.2","704","Application Data"
"82","0.138040","100.86.235.39","151.101.65.140","TCP","66","56383  >  443 [ACK] Seq=1 Ack=14865 Win=2048 Len=0 TSval=1359755649 TSecr=556980624"
"83","0.138139","151.101.65.140","100.86.235.39","TLSv1.2","246","Application Data"
"84","0.138245","100.86.235.39","151.101.65.140","TCP","66","56383  >  443 [ACK] Seq=1 Ack=15045 Win=2048 Len=0 TSval=1359755650 TSecr=556980624"
"85","0.138535","151.101.65.140","100.86.235.39","TLSv1.2","873","Application Data"
"86","0.138669","100.86.235.39","151.101.65.140","TCP","66","56383  >  443 [ACK] Seq=1 Ack=15852 Win=2048 Len=0 TSval=1359755650 TSecr=556980625"
"87","0.139176","151.101.65.140","100.86.235.39","TLSv1.2","510","Application Data"
"88","0.139326","100.86.235.39","151.101.65.140","TCP","66","56383  >  443 [ACK] Seq=1 Ack=16296 Win=2048 Len=0 TSval=1359755651 TSecr=556980625"
"89","0.139395","151.101.65.140","100.86.235.39","TLSv1.2","188","Application Data"
"90","0.139396","151.101.65.140","100.86.235.39","TLSv1.2","934","Application Data"
"91","0.139612","100.86.235.39","151.101.65.140","TCP","66","56383  >  443 [ACK] Seq=1 Ack=17286 Win=2048 Len=0 TSval=1359755651 TSecr=556980625"
"92","0.140490","151.101.65.140","100.86.235.39","TLSv1.2","740","Application Data"
"93","0.140636","100.86.235.39","151.101.65.140","TCP","66","56383  >  443 [ACK] Seq=1 Ack=17960 Win=2048 Len=0 TSval=1359755653 TSecr=556980626"
"94","0.153811","151.101.65.140","100.86.235.39","TLSv1.2","190","Application Data"
"95","0.154040","100.86.235.39","151.101.65.140","TCP","66","56383  >  443 [ACK] Seq=1 Ack=18084 Win=2048 Len=0 TSval=1359755666 TSecr=556980639"
"96","0.154356","151.101.65.140","100.86.235.39","TLSv1.2","573","Application Data"
"97","0.154521","100.86.235.39","151.101.65.140","TCP","66","56383  >  443 [ACK] Seq=1 Ack=18591 Win=2048 Len=0 TSval=1359755666 TSecr=556980640"
"98","0.155473","151.101.65.140","100.86.235.39","TLSv1.2","591","Application Data"
"99","0.155633","100.86.235.39","151.101.65.140","TCP","66","56383  >  443 [ACK] Seq=1 Ack=19116 Win=2048 Len=0 TSval=1359755668 TSecr=556980641"
"100","0.165596","151.101.65.140","100.86.235.39","TLSv1.2","995","Application Data"
"101","0.165884","100.86.235.39","151.101.65.140","TCP","66","56383  >  443 [ACK] Seq=1 Ack=20045 Win=2048 Len=0 TSval=1359755678 TSecr=556980651"
"102","0.165994","151.101.65.140","100.86.235.39","TLSv1.2","163","Application Data"
"103","0.166038","151.101.65.140","100.86.235.39","TLSv1.2","325","Application Data"
"104","0.166254","100.86.235.39","151.101.65.140","TCP","66","56383  >  443 [ACK] Seq=1 Ack=20401 Win=2048 Len=0 TSval=1359755678 TSecr=556980652"
"105","0.166613","151.101.65.140","100.86.235.39","TLSv1.2","382","Application Data"
"106","0.166615","151.101.65.140","100.86.235.39","TLSv1.2","159","Application Data"
"107","0.166885","100.86.235.39","151.101.65.140","TCP","66","56383  >  443 [ACK] Seq=1 Ack=20810 Win=2048 Len=0 TSval=1359755679 TSecr=556980652"
"108","0.167518","151.101.65.140","100.86.235.39","TLSv1.2","148","Application Data"
"109","0.167730","100.86.235.39","151.101.65.140","TCP","66","56383  >  443 [ACK] Seq=1 Ack=20892 Win=2048 Len=0 TSval=1359755680 TSecr=556980653"
"110","0.168539","151.101.65.140","100.86.235.39","TLSv1.2","345","Application Data"
"111","0.168726","100.86.235.39","151.101.65.140","TCP","66","56383  >  443 [ACK] Seq=1 Ack=21171 Win=2048 Len=0 TSval=1359755681 TSecr=556980653"
"112","0.185533","151.101.65.140","100.86.235.39","TLSv1.2","135","Application Data"
"113","0.185534","151.101.65.140","100.86.235.39","TLSv1.2","377","Application Data"
"114","0.185850","151.101.65.140","100.86.235.39","TLSv1.2","249","Application Data"
"115","0.185891","100.86.235.39","151.101.65.140","TCP","66","56383  >  443 [ACK] Seq=1 Ack=21551 Win=2048 Len=0 TSval=1359755698 TSecr=556980671"
"116","0.185939","100.86.235.39","151.101.65.140","TCP","66","56383  >  443 [ACK] Seq=1 Ack=21734 Win=2048 Len=0 TSval=1359755698 TSecr=556980672"
"117","0.188703","151.101.65.140","100.86.235.39","TLSv1.2","295","Application Data"
"118","0.188704","151.101.65.140","100.86.235.39","TLSv1.2","236","Application Data"
"119","0.188705","151.101.65.140","100.86.235.39","TLSv1.2","193","Application Data"
"120","0.188705","151.101.65.140","100.86.235.39","TLSv1.2","484","Application Data"
"121","0.188707","151.101.65.140","100.86.235.39","TLSv1.2","169","Application Data"
"122","0.188708","151.101.65.140","100.86.235.39","TLSv1.2","277","Application Data"
"123","0.188709","151.101.65.140","100.86.235.39","TLSv1.2","172","Application Data"
"124","0.189122","100.86.235.39","151.101.65.140","TCP","66","56383  >  443 [ACK] Seq=1 Ack=23098 Win=2048 Len=0 TSval=1359755701 TSecr=556980673"
"125","0.204078","151.101.65.140","100.86.235.39","TLSv1.2","160","Application Data"
"126","0.204080","151.101.65.140","100.86.235.39","TLSv1.2","329","Application Data"
"127","0.204360","100.86.235.39","151.101.65.140","TCP","66","56383  >  443 [ACK] Seq=1 Ack=23455 Win=2048 Len=0 TSval=1359755716 TSecr=556980690"
"128","0.204991","151.101.65.140","100.86.235.39","TLSv1.2","511","Application Data"
"129","0.204992","151.101.65.140","100.86.235.39","TLSv1.2","457","Application Data"
"130","0.204993","151.101.65.140","100.86.235.39","TLSv1.2","178","Application Data"
"131","0.205218","100.86.235.39","151.101.65.140","TCP","66","56383  >  443 [ACK] Seq=1 Ack=24403 Win=2048 Len=0 TSval=1359755717 TSecr=556980691"
"132","0.205350","151.101.65.140","100.86.235.39","TLSv1.2","257","Application Data"
"133","0.205351","151.101.65.140","100.86.235.39","TLSv1.2","286","Application Data"
"134","0.205549","100.86.235.39","151.101.65.140","TCP","66","56383  >  443 [ACK] Seq=1 Ack=24814 Win=2048 Len=0 TSval=1359755717 TSecr=556980691"
"135","0.206477","151.101.65.140","100.86.235.39","TLSv1.2","424","Application Data"
"136","0.206684","100.86.235.39","151.101.65.140","TCP","66","56383  >  443 [ACK] Seq=1 Ack=25172 Win=2048 Len=0 TSval=1359755719 TSecr=556980692"
"137","0.217103","151.101.65.140","100.86.235.39","TLSv1.2","672","Application Data"
"138","0.217140","151.101.65.140","100.86.235.39","TLSv1.2","417","Application Data"
"139","0.217385","151.101.65.140","100.86.235.39","TLSv1.2","174","Application Data"
"140","0.217386","151.101.65.140","100.86.235.39","TLSv1.2","267","Application Data"
"141","0.217421","100.86.235.39","151.101.65.140","TCP","66","56383  >  443 [ACK] Seq=1 Ack=26129 Win=2048 Len=0 TSval=1359755729 TSecr=556980703"
"142","0.217499","100.86.235.39","151.101.65.140","TCP","66","56383  >  443 [ACK] Seq=1 Ack=26438 Win=2048 Len=0 TSval=1359755729 TSecr=556980703"
"143","0.219205","151.101.65.140","100.86.235.39","TLSv1.2","175","Application Data"
"144","0.219205","151.101.65.140","100.86.235.39","TLSv1.2","240","Application Data"
"145","0.219206","151.101.65.140","100.86.235.39","TLSv1.2","243","Application Data"
"146","0.219207","151.101.65.140","100.86.235.39","TLSv1.2","203","Application Data"
"147","0.219207","151.101.65.140","100.86.235.39","TLSv1.2","187","Application Data"
"148","0.219208","151.101.65.140","100.86.235.39","TLSv1.2","148","Application Data"
"149","0.219452","100.86.235.39","151.101.65.140","TCP","66","56383  >  443 [ACK] Seq=1 Ack=27238 Win=2048 Len=0 TSval=1359755731 TSecr=556980704"
"150","0.231141","151.101.65.140","100.86.235.39","TLSv1.2","541","Application Data"
"151","0.231142","151.101.65.140","100.86.235.39","TLSv1.2","227","Application Data"
"152","0.231442","100.86.235.39","151.101.65.140","TCP","66","56383  >  443 [ACK] Seq=1 Ack=27874 Win=2048 Len=0 TSval=1359755743 TSecr=556980717"
"153","0.232327","151.101.65.140","100.86.235.39","TCP","1510","443  >  56383 [ACK] Seq=27874 Ack=1 Win=538 Len=1444 TSval=556980718 TSecr=1359755731 [TCP PDU reassembled in 154]"
"154","0.232681","151.101.65.140","100.86.235.39","TLSv1.2","336","Application Data"
"155","0.232682","151.101.65.140","100.86.235.39","TLSv1.2","548","Application Data"
"156","0.232798","100.86.235.39","151.101.65.140","TCP","66","56383  >  443 [ACK] Seq=1 Ack=30070 Win=2036 Len=0 TSval=1359755745 TSecr=556980718"
"157","0.248810","151.101.65.140","100.86.235.39","TLSv1.2","154","Application Data"
"158","0.248884","100.86.235.39","151.101.65.140","TCP","66","56383  >  443 [ACK] Seq=1 Ack=30158 Win=2046 Len=0 TSval=1359755761 TSecr=556980734"
"159","0.249022","151.101.65.140","100.86.235.39","TLSv1.2","140","Application Data"
"160","0.249022","151.101.65.140","100.86.235.39","TLSv1.2","264","Application Data"
"161","0.249138","100.86.235.39","151.101.65.140","TCP","66","56383  >  443 [ACK] Seq=1 Ack=30430 Win=2048 Len=0 TSval=1359755761 TSecr=556980734"
"162","0.249508","151.101.65.140","100.86.235.39","TLSv1.2","1415","Application Data"
"163","0.249563","100.86.235.39","151.101.65.140","TCP","66","56383  >  443 [ACK] Seq=1 Ack=31779 Win=2048 Len=0 TSval=1359755761 TSecr=556980735"
"164","0.249871","151.101.65.140","100.86.235.39","TLSv1.2","303","Application Data"
"165","0.249935","100.86.235.39","151.101.65.140","TCP","66","56383  >  443 [ACK] Seq=1 Ack=32016 Win=2048 Len=0 TSval=1359755762 TSecr=556980736"
"166","0.271505","151.101.65.140","100.86.235.39","TLSv1.2","672","Application Data"
"167","0.271506","151.101.65.140","100.86.235.39","TLSv1.2","289","Application Data"
"168","0.271507","151.101.65.140","100.86.235.39","TLSv1.2","227","Application Data"
"169","0.271507","151.101.65.140","100.86.235.39","TLSv1.2","350","Application Data"
"170","0.271508","151.101.65.140","100.86.235.39","TLSv1.2","416","Application Data"
"171","0.271588","100.86.235.39","151.101.65.140","TCP","66","56383  >  443 [ACK] Seq=1 Ack=33640 Win=2022 Len=0 TSval=1359755784 TSecr=556980755"
"172","0.272117","151.101.65.140","100.86.235.39","TLSv1.2","184","Application Data"
"173","0.272118","151.101.65.140","100.86.235.39","TLSv1.2","371","Application Data"
"174","0.272169","100.86.235.39","151.101.65.140","TCP","66","56383  >  443 [ACK] Seq=1 Ack=34063 Win=2041 Len=0 TSval=1359755784 TSecr=556980756"
"175","0.277714","151.101.65.140","100.86.235.39","TLSv1.2","201","Application Data"
"176","0.277769","100.86.235.39","151.101.65.140","TCP","66","56383  >  443 [ACK] Seq=1 Ack=34198 Win=2045 Len=0 TSval=1359755790 TSecr=556980763"
"177","0.278504","151.101.65.140","100.86.235.39","TLSv1.2","295","Application Data"
"178","0.278587","100.86.235.39","151.101.65.140","TCP","66","56383  >  443 [ACK] Seq=1 Ack=34427 Win=2048 Len=0 TSval=1359755790 TSecr=556980764"
"179","0.278939","151.101.65.140","100.86.235.39","TLSv1.2","322","Application Data"
"180","0.278939","151.101.65.140","100.86.235.39","TLSv1.2","467","Application Data"
"181","0.279065","100.86.235.39","151.101.65.140","TCP","66","56383  >  443 [ACK] Seq=1 Ack=35084 Win=2048 Len=0 TSval=1359755791 TSecr=556980764"
"182","0.279224","151.101.65.140","100.86.235.39","TLSv1.2","289","Application Data"
"183","0.279225","151.101.65.140","100.86.235.39","TLSv1.2","700","Application Data"
"184","0.279335","100.86.235.39","151.101.65.140","TCP","66","56383  >  443 [ACK] Seq=1 Ack=35941 Win=2048 Len=0 TSval=1359755791 TSecr=556980765"
"185","0.283616","151.101.65.140","100.86.235.39","TLSv1.2","368","Application Data"
"186","0.283739","100.86.235.39","151.101.65.140","TCP","66","56383  >  443 [ACK] Seq=1 Ack=36243 Win=2048 Len=0 TSval=1359755796 TSecr=556980769"
"187","0.295550","151.101.65.140","100.86.235.39","TLSv1.2","481","Application Data"
"188","0.295551","151.101.65.140","100.86.235.39","TLSv1.2","163","Application Data"
"189","0.295716","151.101.65.140","100.86.235.39","TLSv1.2","197","Application Data"
"190","0.295717","151.101.65.140","100.86.235.39","TLSv1.2","186","Application Data"
"191","0.295745","100.86.235.39","151.101.65.140","TCP","66","56383  >  443 [ACK] Seq=1 Ack=36755 Win=2048 Len=0 TSval=1359755808 TSecr=556980781"
"192","0.295778","100.86.235.39","151.101.65.140","TCP","66","56383  >  443 [ACK] Seq=1 Ack=37006 Win=2048 Len=0 TSval=1359755808 TSecr=556980781"
"193","0.297322","151.101.65.140","100.86.235.39","TLSv1.2","258","Application Data"
"194","0.297323","151.101.65.140","100.86.235.39","TLSv1.2","198","Application Data"
"195","0.297323","151.101.65.140","100.86.235.39","TLSv1.2","279","Application Data"
"196","0.297323","151.101.65.140","100.86.235.39","TLSv1.2","167","Application Data"
"197","0.297324","151.101.65.140","100.86.235.39","TLSv1.2","204","Application Data"
"198","0.297324","151.101.65.140","100.86.235.39","TLSv1.2","957","Application Data, Application Data"
"199","0.297325","151.101.65.140","100.86.235.39","TLSv1.2","109","Application Data"
"200","0.297326","151.101.65.140","100.86.235.39","TLSv1.2","97","Application Data"
"201","0.297422","100.86.235.39","151.101.65.140","TCP","66","56383  >  443 [ACK] Seq=1 Ack=38747 Win=2020 Len=0 TSval=1359755810 TSecr=556980782"
"202","0.699247","100.86.235.39","151.101.65.140","TLSv1.2","259","Application Data"
"203","0.699689","100.86.235.39","151.101.65.140","TLSv1.2","252","Application Data"
"204","0.699926","100.86.235.39","151.101.65.140","TLSv1.2","331","Application Data"
"205","0.700087","100.86.235.39","151.101.65.140","TLSv1.2","253","Application Data"
"206","0.701151","100.86.235.39","151.101.65.140","TLSv1.2","253","Application Data"
"207","0.701401","100.86.235.39","151.101.65.140","TLSv1.2","253","Application Data"
"208","0.702551","100.86.235.39","151.101.65.140","TLSv1.2","253","Application Data"
"209","0.702997","100.86.235.39","151.101.65.140","TLSv1.2","253","Application Data"
"210","0.703422","100.86.235.39","151.101.65.140","TLSv1.2","252","Application Data"
"211","0.703584","100.86.235.39","151.101.65.140","TLSv1.2","253","Application Data"
"212","0.704781","100.86.235.39","151.101.65.140","TLSv1.2","253","Application Data"
"213","0.705624","100.86.235.39","151.101.65.140","TLSv1.2","252","Application Data"
"214","0.706055","100.86.235.39","151.101.65.140","TLSv1.2","255","Application Data"
"215","0.706446","100.86.235.39","151.101.65.140","TLSv1.2","253","Application Data"
"216","0.706651","100.86.235.39","151.101.65.140","TLSv1.2","253","Application Data"
"217","0.707017","100.86.235.39","151.101.65.140","TLSv1.2","253","Application Data"
"218","0.708324","100.86.235.39","151.101.65.140","TLSv1.2","335","Application Data"
"219","0.708501","100.86.235.39","151.101.65.140","TLSv1.2","331","Application Data"
"220","0.708963","151.101.65.140","100.86.235.39","TCP","66","443  >  56438 [ACK] Seq=1 Ack=194 Win=309 Len=0 TSval=3000546596 TSecr=3707382045"
"221","0.709208","151.101.65.140","100.86.235.39","TCP","66","443  >  56438 [ACK] Seq=1 Ack=832 Win=326 Len=0 TSval=3000546597 TSecr=3707382045"
"222","0.709961","151.101.65.140","100.86.235.39","TCP","66","443  >  56438 [ACK] Seq=1 Ack=1019 Win=332 Len=0 TSval=3000546597 TSecr=3707382047"
"223","0.710608","151.101.65.140","100.86.235.39","TLSv1.2","221","Application Data"
"224","0.710674","100.86.235.39","151.101.65.140","TCP","66","56438  >  443 [ACK] Seq=3610 Ack=156 Win=2045 Len=0 TSval=3707382056 TSecr=3000546597"
"225","0.710938","151.101.65.140","100.86.235.39","TLSv1.2","1510","Application Data"
"226","0.710939","151.101.65.140","100.86.235.39","TLSv1.2","1361","Application Data"
"227","0.710939","151.101.65.140","100.86.235.39","TCP","66","443  >  56438 [ACK] Seq=2895 Ack=1206 Win=338 Len=0 TSval=3000546598 TSecr=3707382047"
"228","0.710990","100.86.235.39","151.101.65.140","TCP","66","56438  >  443 [ACK] Seq=3610 Ack=2895 Win=2005 Len=0 TSval=3707382056 TSecr=3000546597"
"229","0.711626","151.101.65.140","100.86.235.39","TLSv1.2","1510","Application Data"
"230","0.711627","151.101.65.140","100.86.235.39","TLSv1.2","1118","Application Data"
"231","0.711628","151.101.65.140","100.86.235.39","TLSv1.2","1510","Application Data"
"232","0.711628","151.101.65.140","100.86.235.39","TLSv1.2","1510","Application Data"
"233","0.711698","100.86.235.39","151.101.65.140","TCP","66","56438  >  443 [ACK] Seq=3610 Ack=8279 Win=1963 Len=0 TSval=3707382057 TSecr=3000546598"
"234","0.711874","151.101.65.140","100.86.235.39","TLSv1.2","469","Application Data"
"235","0.711874","151.101.65.140","100.86.235.39","TLSv1.2","1510","Application Data"
"236","0.711915","100.86.235.39","151.101.65.140","TCP","66","56438  >  443 [ACK] Seq=3610 Ack=10126 Win=1935 Len=0 TSval=3707382057 TSecr=3000546599"
"237","0.711963","151.101.65.140","100.86.235.39","TLSv1.2","901","Application Data"
"238","0.712003","100.86.235.39","151.101.65.140","TCP","66","56438  >  443 [ACK] Seq=3610 Ack=10961 Win=1921 Len=0 TSval=3707382057 TSecr=3000546599"
"239","0.712158","151.101.65.140","100.86.235.39","TCP","66","443  >  56438 [ACK] Seq=10961 Ack=1393 Win=343 Len=0 TSval=3000546599 TSecr=3707382049"
"240","0.712908","151.101.65.140","100.86.235.39","TLSv1.2","1510","Application Data"
"241","0.712909","151.101.65.140","100.86.235.39","TLSv1.2","911","Application Data"
"242","0.712970","100.86.235.39","151.101.65.140","TCP","66","56438  >  443 [ACK] Seq=3610 Ack=13250 Win=1908 Len=0 TSval=3707382058 TSecr=3000546599"
"243","0.713697","151.101.65.140","100.86.235.39","TCP","66","443  >  56438 [ACK] Seq=13250 Ack=1953 Win=360 Len=0 TSval=3000546600 TSecr=3707382050"
"244","0.713698","151.101.65.140","100.86.235.39","TCP","66","443  >  56438 [ACK] Seq=13250 Ack=2140 Win=366 Len=0 TSval=3000546601 TSecr=3707382051"
"245","0.714070","100.86.235.39","151.101.65.140","TCP","66","[TCP Window Update] 56438  >  443 [ACK] Seq=3610 Ack=13250 Win=2048 Len=0 TSval=3707382059 TSecr=3000546601"
"246","0.714234","100.86.235.39","151.101.65.140","TLSv1.2","332","Application Data"
"247","0.714304","100.86.235.39","151.101.65.140","TLSv1.2","253","Application Data"
"248","0.714378","100.86.235.39","151.101.65.140","TLSv1.2","253","Application Data"
"249","0.714465","100.86.235.39","151.101.65.140","TLSv1.2","252","Application Data"
"250","0.714748","151.101.65.140","100.86.235.39","TLSv1.2","164","Application Data"
"251","0.714749","151.101.65.140","100.86.235.39","TLSv1.2","1510","Application Data"
"252","0.714750","151.101.65.140","100.86.235.39","TLSv1.2","1510","Application Data"
"253","0.714817","100.86.235.39","151.101.65.140","TCP","66","56438  >  443 [ACK] Seq=4436 Ack=16236 Win=2001 Len=0 TSval=3707382060 TSecr=3000546601"
"254","0.715026","100.86.235.39","151.101.65.140","TCP","66","[TCP Window Update] 56438  >  443 [ACK] Seq=4436 Ack=16236 Win=2048 Len=0 TSval=3707382060 TSecr=3000546601"
"255","0.716601","151.101.65.140","100.86.235.39","TLSv1.2","87","Application Data"
"256","0.716602","151.101.65.140","100.86.235.39","TLSv1.2","1510","Application Data"
"257","0.716603","151.101.65.140","100.86.235.39","TLSv1.2","1411","Application Data"
"258","0.716604","151.101.65.140","100.86.235.39","TLSv1.2","1510","Application Data"
"259","0.716604","151.101.65.140","100.86.235.39","TLSv1.2","1229","Application Data"
"260","0.716605","151.101.65.140","100.86.235.39","TLSv1.2","1510","Application Data"
"261","0.716606","151.101.65.140","100.86.235.39","TLSv1.2","1151","Application Data"
"262","0.716606","151.101.65.140","100.86.235.39","TCP","66","443  >  56438 [ACK] Seq=24182 Ack=2702 Win=383 Len=0 TSval=3000546603 TSecr=3707382052"
"263","0.716607","151.101.65.140","100.86.235.39","TLSv1.2","1510","Application Data"
"264","0.716607","151.101.65.140","100.86.235.39","TLSv1.2","1481","Application Data, Application Data"
"265","0.716608","151.101.65.140","100.86.235.39","TCP","66","443  >  56438 [ACK] Seq=27041 Ack=3076 Win=394 Len=0 TSval=3000546603 TSecr=3707382052"
"266","0.716728","100.86.235.39","151.101.65.140","TCP","66","56438  >  443 [ACK] Seq=4436 Ack=24182 Win=1923 Len=0 TSval=3707382063 TSecr=3000546602"
"267","0.716793","100.86.235.39","151.101.65.140","TCP","66","56438  >  443 [ACK] Seq=4436 Ack=27041 Win=1879 Len=0 TSval=3707382063 TSecr=3000546603"
"268","0.717554","151.101.65.140","100.86.235.39","TLSv1.2","1510","Application Data"
"269","0.717555","151.101.65.140","100.86.235.39","TLSv1.2","999","Application Data"
"270","0.717632","100.86.235.39","151.101.65.140","TCP","66","56438  >  443 [ACK] Seq=4436 Ack=29418 Win=1966 Len=0 TSval=3707382063 TSecr=3000546604"
"271","0.717915","100.86.235.39","151.101.65.140","TCP","66","[TCP Window Update] 56438  >  443 [ACK] Seq=4436 Ack=29418 Win=2048 Len=0 TSval=3707382064 TSecr=3000546604"
"272","0.718390","151.101.65.140","100.86.235.39","TLSv1.2","164","Application Data"
"273","0.718392","151.101.65.140","100.86.235.39","TCP","66","443  >  56438 [ACK] Seq=29516 Ack=3610 Win=406 Len=0 TSval=3000546605 TSecr=3707382054"
"274","0.718546","100.86.235.39","151.101.65.140","TCP","66","56438  >  443 [ACK] Seq=4436 Ack=29516 Win=2046 Len=0 TSval=3707382064 TSecr=3000546604"
"275","0.720005","151.101.65.140","100.86.235.39","TLSv1.2","1510","Application Data"
"276","0.720179","100.86.235.39","151.101.65.140","TCP","66","56438  >  443 [ACK] Seq=4436 Ack=30960 Win=2025 Len=0 TSval=3707382066 TSecr=3000546607"
"277","0.720515","151.101.65.140","100.86.235.39","TLSv1.2","1510","Application Data"
"278","0.720517","151.101.65.140","100.86.235.39","TLSv1.2","1510","Application Data"
"279","0.720597","100.86.235.39","151.101.65.140","TCP","66","56438  >  443 [ACK] Seq=4436 Ack=33848 Win=2002 Len=0 TSval=3707382066 TSecr=3000546607"
"280","0.722097","151.101.65.140","100.86.235.39","TLSv1.2","1510","Application Data, Application Data"
"281","0.722098","151.101.65.140","100.86.235.39","TLSv1.2","1510","Application Data"
"282","0.722098","151.101.65.140","100.86.235.39","TLSv1.2","1510","Application Data"
"283","0.722170","100.86.235.39","151.101.65.140","TCP","66","56438  >  443 [ACK] Seq=4436 Ack=38180 Win=2297 Len=0 TSval=3707382068 TSecr=3000546609"
"284","0.722604","100.86.235.39","151.101.65.140","TCP","66","[TCP Window Update] 56438  >  443 [ACK] Seq=4436 Ack=38180 Win=2364 Len=0 TSval=3707382068 TSecr=3000546609"
"285","0.723988","151.101.65.140","100.86.235.39","TLSv1.2","1510","Application Data, Application Data"
"286","0.723989","151.101.65.140","100.86.235.39","TLSv1.2","1510","Application Data"
"287","0.723989","151.101.65.140","100.86.235.39","TLSv1.2","1510","Application Data, Application Data"
"288","0.723990","151.101.65.140","100.86.235.39","TLSv1.2","1510","Application Data, Application Data"
"289","0.723991","151.101.65.140","100.86.235.39","TLSv1.2","1510","Application Data, Application Data"
"290","0.723992","151.101.65.140","100.86.235.39","TLSv1.2","1510","Application Data"
"291","0.723993","151.101.65.140","100.86.235.39","TLSv1.2","1510","Application Data"
"292","0.723994","151.101.65.140","100.86.235.39","TLSv1.2","84","Application Data"
"293","0.723995","151.101.65.140","100.86.235.39","TCP","66","443  >  56438 [ACK] Seq=48306 Ack=4436 Win=424 Len=0 TSval=3000546611 TSecr=3707382060"
"294","0.724072","100.86.235.39","151.101.65.140","TCP","66","56438  >  443 [ACK] Seq=4436 Ack=48306 Win=2206 Len=0 TSval=3707382070 TSecr=3000546609"
"295","0.724832","100.86.235.39","151.101.65.140","TCP","66","[TCP Window Update] 56438  >  443 [ACK] Seq=4436 Ack=48306 Win=2364 Len=0 TSval=3707382070 TSecr=3000546611"
"296","0.727468","151.101.65.140","100.86.235.39","TLSv1.2","1510","Application Data"
"297","0.727469","151.101.65.140","100.86.235.39","TLSv1.2","1510","Application Data"
"298","0.727545","100.86.235.39","151.101.65.140","TCP","66","56438  >  443 [ACK] Seq=4436 Ack=51194 Win=2319 Len=0 TSval=3707382074 TSecr=3000546613"
"299","0.728592","151.101.65.140","100.86.235.39","TLSv1.2","1510","Application Data"
"300","0.728593","151.101.65.140","100.86.235.39","TLSv1.2","890","Application Data"
"301","0.728594","151.101.65.140","100.86.235.39","TLSv1.2","1510","Application Data"
"302","0.728595","151.101.65.140","100.86.235.39","TLSv1.2","1461","Application Data, Application Data"
"303","0.728595","151.101.65.140","100.86.235.39","TCP","1510","443  >  56438 [ACK] Seq=56301 Ack=4436 Win=424 Len=1444 TSval=3000546613 TSecr=3707382063 [TCP PDU reassembled in 304]"
"304","0.728596","151.101.65.140","100.86.235.39","TLSv1.2","1240","Application Data"
"305","0.728678","100.86.235.39","151.101.65.140","TCP","66","56438  >  443 [ACK] Seq=4436 Ack=58919 Win=2244 Len=0 TSval=3707382075 TSecr=3000546613"
"306","0.729450","100.86.235.39","151.101.65.140","TCP","66","[TCP Window Update] 56438  >  443 [ACK] Seq=4436 Ack=58919 Win=2364 Len=0 TSval=3707382075 TSecr=3000546613"
"307","0.730468","100.86.235.39","151.101.65.140","TCP","78","56449  >  443 [SYN] Seq=0 Win=65535 Len=0 MSS=1460 WS=64 TSval=921631874 TSecr=0 SACK_PERM"
"308","0.743972","151.101.65.140","100.86.235.39","TCP","74","443  >  56449 [SYN, ACK] Seq=0 Ack=1 Win=65535 Len=0 MSS=1460 SACK_PERM TSval=867338224 TSecr=921631874 WS=512"
"309","0.744082","100.86.235.39","151.101.65.140","TCP","66","56449  >  443 [ACK] Seq=1 Ack=1 Win=131712 Len=0 TSval=921631888 TSecr=867338224"
"310","0.744906","100.86.235.39","151.101.65.140","TCP","1514","56449  >  443 [ACK] Seq=1 Ack=1 Win=131712 Len=1448 TSval=921631888 TSecr=867338224 [TCP PDU reassembled in 311]"
"311","0.744939","100.86.235.39","151.101.65.140","TLSv1.3","961","Client Hello (SNI=preview.redd.it)"
"312","0.755696","151.101.65.140","100.86.235.39","TCP","66","443  >  56449 [ACK] Seq=1 Ack=2344 Win=149504 Len=0 TSval=867338237 TSecr=921631888"
"313","0.755727","151.101.65.140","100.86.235.39","TLSv1.3","519","Server Hello, Change Cipher Spec, Application Data, Application Data, Application Data"
"314","0.755788","100.86.235.39","151.101.65.140","TCP","66","56449  >  443 [ACK] Seq=2344 Ack=454 Win=131264 Len=0 TSval=921631900 TSecr=867338237"
"315","0.756370","100.86.235.39","151.101.65.140","TLSv1.3","130","Change Cipher Spec, Application Data"
"316","0.757250","100.86.235.39","151.101.65.140","TLSv1.3","158","Application Data"
"317","0.757306","100.86.235.39","151.101.65.140","TLSv1.3","493","Application Data"
"318","0.757474","100.86.235.39","151.101.65.140","TLSv1.3","231","Application Data"
"319","0.757644","100.86.235.39","151.101.65.140","TLSv1.3","232","Application Data"
"320","0.757740","100.86.235.39","151.101.65.140","TLSv1.3","233","Application Data"
"321","0.757847","100.86.235.39","151.101.65.140","TLSv1.3","231","Application Data"
"322","0.757939","100.86.235.39","151.101.65.140","TLSv1.3","311","Application Data"
"323","0.758042","100.86.235.39","151.101.65.140","TLSv1.3","232","Application Data"
"324","0.758158","100.86.235.39","151.101.65.140","TLSv1.3","232","Application Data"
"325","0.758251","100.86.235.39","151.101.65.140","TLSv1.3","231","Application Data"
"326","0.758345","100.86.235.39","151.101.65.140","TLSv1.3","231","Application Data"
"327","0.758428","100.86.235.39","151.101.65.140","TLSv1.3","232","Application Data"
"328","0.759909","100.86.235.39","151.101.65.140","TLSv1.3","231","Application Data"
"329","0.760067","100.86.235.39","151.101.65.140","TLSv1.3","309","Application Data"
"330","0.760168","100.86.235.39","151.101.65.140","TLSv1.3","231","Application Data"
"331","0.760252","100.86.235.39","151.101.65.140","TLSv1.3","231","Application Data"
"332","0.760419","100.86.235.39","151.101.65.140","TLSv1.3","309","Application Data"
"333","0.760557","100.86.235.39","151.101.65.140","TLSv1.3","232","Application Data"
"334","0.765991","151.101.65.140","100.86.235.39","TCP","66","443  >  56449 [ACK] Seq=454 Ack=2408 Win=149504 Len=0 TSval=867338248 TSecr=921631900"
"335","0.767307","151.101.65.140","100.86.235.39","TLSv1.3","131","Application Data"
"336","0.767419","100.86.235.39","151.101.65.140","TCP","66","56449  >  443 [ACK] Seq=5810 Ack=519 Win=131200 Len=0 TSval=921631912 TSecr=867338249"
"337","0.767704","100.86.235.39","151.101.65.140","TLSv1.3","97","Application Data"
"338","0.767938","151.101.65.140","100.86.235.39","TCP","66","443  >  56449 [ACK] Seq=519 Ack=4332 Win=166912 Len=0 TSval=867338249 TSecr=921631902"
"339","0.768171","151.101.65.140","100.86.235.39","TLSv1.3","1510","Application Data"
"340","0.768227","100.86.235.39","151.101.65.140","TCP","66","56449  >  443 [ACK] Seq=5841 Ack=1963 Win=129792 Len=0 TSval=921631912 TSecr=867338250"
"341","0.768455","151.101.65.140","100.86.235.39","TLSv1.3","1510","Application Data"
"342","0.768458","151.101.65.140","100.86.235.39","TLSv1.3","586","Application Data"
"343","0.768506","100.86.235.39","151.101.65.140","TCP","66","56449  >  443 [ACK] Seq=5841 Ack=3927 Win=129024 Len=0 TSval=921631913 TSecr=867338250"
"344","0.768673","151.101.65.140","100.86.235.39","TLSv1.3","1510","Application Data"
"345","0.768676","151.101.65.140","100.86.235.39","TLSv1.3","1510","Application Data"
"346","0.768752","100.86.235.39","151.101.65.140","TCP","66","56449  >  443 [ACK] Seq=5841 Ack=6815 Win=128128 Len=0 TSval=921631913 TSecr=867338250"
"347","0.768900","151.101.65.140","100.86.235.39","TLSv1.3","1510","Application Data"
"348","0.768902","151.101.65.140","100.86.235.39","TLSv1.3","1003","Application Data"
"349","0.768939","100.86.235.39","151.101.65.140","TCP","66","56449  >  443 [ACK] Seq=5841 Ack=8259 Win=129600 Len=0 TSval=921631913 TSecr=867338250"
"350","0.768966","100.86.235.39","151.101.65.140","TCP","66","56449  >  443 [ACK] Seq=5841 Ack=9196 Win=128640 Len=0 TSval=921631913 TSecr=867338250"
"351","0.769207","151.101.65.140","100.86.235.39","TLSv1.3","1510","Application Data"
"352","0.769209","151.101.65.140","100.86.235.39","TLSv1.3","1138","Application Data"
"353","0.769274","100.86.235.39","151.101.65.140","TCP","66","56449  >  443 [ACK] Seq=5841 Ack=11712 Win=128512 Len=0 TSval=921631913 TSecr=867338250"
"354","0.769927","151.101.65.140","100.86.235.39","TLSv1.3","1510","Application Data"
"355","0.769930","151.101.65.140","100.86.235.39","TLSv1.3","538","Application Data"
"356","0.769931","151.101.65.140","100.86.235.39","TCP","66","443  >  56449 [ACK] Seq=13628 Ack=5071 Win=178688 Len=0 TSval=867338251 TSecr=921631904"
"357","0.770037","100.86.235.39","151.101.65.140","TCP","66","56449  >  443 [ACK] Seq=5841 Ack=13628 Win=129152 Len=0 TSval=921631914 TSecr=867338251"
"358","0.770862","151.101.65.140","100.86.235.39","TCP","66","443  >  56449 [ACK] Seq=13628 Ack=5810 Win=190464 Len=0 TSval=867338252 TSecr=921631904"
"359","0.771179","151.101.65.140","100.86.235.39","TLSv1.3","1510","Application Data"
"360","0.771242","100.86.235.39","151.101.65.140","TCP","66","56449  >  443 [ACK] Seq=5841 Ack=15072 Win=129600 Len=0 TSval=921631915 TSecr=867338253"
"361","0.771868","151.101.65.140","100.86.235.39","TLSv1.3","1510","Application Data"
"362","0.771869","151.101.65.140","100.86.235.39","TLSv1.3","360","Application Data"
"363","0.771869","151.101.65.140","100.86.235.39","TLSv1.3","1510","Application Data"
"364","0.771870","151.101.65.140","100.86.235.39","TLSv1.3","1510","Application Data"
"365","0.771943","100.86.235.39","151.101.65.140","TCP","66","56449  >  443 [ACK] Seq=5841 Ack=19698 Win=126400 Len=0 TSval=921631915 TSecr=867338253"
"366","0.772010","151.101.65.140","100.86.235.39","TLSv1.3","654","Application Data"
"367","0.772011","151.101.65.140","100.86.235.39","TLSv1.3","165","Application Data"
"368","0.772054","100.86.235.39","151.101.65.140","TCP","66","56449  >  443 [ACK] Seq=5841 Ack=20385 Win=127104 Len=0 TSval=921631916 TSecr=867338254"
"369","0.772283","100.86.235.39","151.101.65.140","TCP","66","[TCP Window Update] 56449  >  443 [ACK] Seq=5841 Ack=20385 Win=131072 Len=0 TSval=921631916 TSecr=867338254"
"370","0.774393","151.101.65.140","100.86.235.39","TLSv1.3","1510","Application Data"
"371","0.774395","151.101.65.140","100.86.235.39","TLSv1.3","1509","Application Data, Application Data"
"372","0.774395","151.101.65.140","100.86.235.39","TLSv1.3","165","Application Data"
"373","0.774396","151.101.65.140","100.86.235.39","TLSv1.3","1510","Application Data"
"374","0.774397","151.101.65.140","100.86.235.39","TLSv1.3","1477","Application Data, Application Data"
"375","0.774398","151.101.65.140","100.86.235.39","TLSv1.3","1510","Application Data"
"376","0.774398","151.101.65.140","100.86.235.39","TLSv1.3","1182","Application Data"
"377","0.774399","151.101.65.140","100.86.235.39","TLSv1.3","1510","Application Data"
"378","0.774400","151.101.65.140","100.86.235.39","TLSv1.3","491","Application Data"
"379","0.774484","100.86.235.39","151.101.65.140","TCP","66","56449  >  443 [ACK] Seq=5841 Ack=30655 Win=120768 Len=0 TSval=921631919 TSecr=867338255"
"380","0.774910","151.101.65.140","100.86.235.39","TLSv1.3","165","Application Data"
"381","0.774970","100.86.235.39","151.101.65.140","TCP","66","56449  >  443 [ACK] Seq=5841 Ack=30754 Win=127936 Len=0 TSval=921631919 TSecr=867338256"
"382","0.775127","100.86.235.39","151.101.65.140","TCP","66","[TCP Window Update] 56449  >  443 [ACK] Seq=5841 Ack=30754 Win=131072 Len=0 TSval=921631919 TSecr=867338256"
"383","0.775950","151.101.65.140","100.86.235.39","TLSv1.3","1510","Application Data"
"384","0.776018","100.86.235.39","151.101.65.140","TCP","66","56449  >  443 [ACK] Seq=5841 Ack=32198 Win=129600 Len=0 TSval=921631920 TSecr=867338257"
"385","0.778909","151.101.65.140","100.86.235.39","TLSv1.3","1510","Application Data"
"386","0.778911","151.101.65.140","100.86.235.39","TLSv1.3","1510","Application Data"
"387","0.778911","151.101.65.140","100.86.235.39","TLSv1.3","1510","Application Data"
"388","0.779004","100.86.235.39","151.101.65.140","TCP","66","56449  >  443 [ACK] Seq=5841 Ack=36530 Win=138304 Len=0 TSval=921631923 TSecr=867338260"
"389","0.779432","151.101.65.140","100.86.235.39","TLSv1.3","1510","Application Data"
"390","0.779433","151.101.65.140","100.86.235.39","TLSv1.3","1510","Application Data"
"391","0.779463","100.86.235.39","151.101.65.140","TCP","66","[TCP Window Update] 56449  >  443 [ACK] Seq=5841 Ack=36530 Win=142656 Len=0 TSval=921631923 TSecr=867338260"
"392","0.779482","100.86.235.39","151.101.65.140","TCP","66","56449  >  443 [ACK] Seq=5841 Ack=39418 Win=139712 Len=0 TSval=921631923 TSecr=867338260"
"393","0.779565","151.101.65.140","100.86.235.39","TLSv1.3","1510","Application Data"
"394","0.779567","151.101.65.140","100.86.235.39","TLSv1.3","1510","Application Data"
"395","0.779617","100.86.235.39","151.101.65.140","TCP","66","56449  >  443 [ACK] Seq=5841 Ack=42306 Win=137600 Len=0 TSval=921631923 TSecr=867338261"
"396","0.779764","100.86.235.39","151.101.65.140","TCP","66","[TCP Window Update] 56449  >  443 [ACK] Seq=5841 Ack=42306 Win=142656 Len=0 TSval=921631923 TSecr=867338261"
"397","0.779880","151.101.65.140","100.86.235.39","TLSv1.3","1510","Application Data, Application Data"
"398","0.779881","151.101.65.140","100.86.235.39","TLSv1.3","1510","Application Data"
"399","0.779923","100.86.235.39","151.101.65.140","TCP","66","56449  >  443 [ACK] Seq=5841 Ack=45194 Win=139712 Len=0 TSval=921631923 TSecr=867338261"
"400","0.780371","151.101.65.140","100.86.235.39","TLSv1.3","1510","Application Data"
"401","0.780371","151.101.65.140","100.86.235.39","TLSv1.3","290","Application Data"
"402","0.780485","100.86.235.39","151.101.65.140","TCP","66","56449  >  443 [ACK] Seq=5841 Ack=46862 Win=140928 Len=0 TSval=921631924 TSecr=867338261"
"403","0.874175","100.86.235.39","151.101.65.140","TLSv1.2","228","Application Data"
"404","0.874574","100.86.235.39","151.101.65.140","TLSv1.2","227","Application Data"
"405","0.874781","100.86.235.39","151.101.65.140","TLSv1.2","227","Application Data"
"406","0.875302","100.86.235.39","151.101.65.140","TLSv1.2","227","Application Data"
"407","0.875482","100.86.235.39","151.101.65.140","TLSv1.2","228","Application Data"
"408","0.875816","100.86.235.39","151.101.65.140","TLSv1.2","227","Application Data"
"409","0.876130","100.86.235.39","151.101.65.140","TLSv1.2","230","Application Data"
"410","0.876467","100.86.235.39","151.101.65.140","TLSv1.2","228","Application Data"
"411","0.878329","100.86.235.39","151.101.65.140","TLSv1.2","228","Application Data"
"412","0.879168","100.86.235.39","151.101.65.140","TLSv1.2","229","Application Data"
"413","0.879680","100.86.235.39","151.101.1.140","TCP","78","56450  >  443 [SYN] Seq=0 Win=65535 Len=0 MSS=1460 WS=64 TSval=4223983616 TSecr=0 SACK_PERM"
"414","0.883915","151.101.65.140","100.86.235.39","TCP","66","443  >  56438 [ACK] Seq=58919 Ack=4598 Win=424 Len=0 TSval=3000546771 TSecr=3707382220"
"415","0.884905","151.101.65.140","100.86.235.39","TCP","66","443  >  56438 [ACK] Seq=58919 Ack=5081 Win=424 Len=0 TSval=3000546772 TSecr=3707382221"
"416","0.884942","151.101.65.140","100.86.235.39","TCP","66","443  >  56438 [ACK] Seq=58919 Ack=5568 Win=424 Len=0 TSval=3000546772 TSecr=3707382221"
"417","0.885929","151.101.65.140","100.86.235.39","TCP","66","443  >  56438 [ACK] Seq=58919 Ack=5730 Win=424 Len=0 TSval=3000546773 TSecr=3707382223"
"418","0.888329","151.101.65.140","100.86.235.39","TCP","66","443  >  56438 [ACK] Seq=58919 Ack=5892 Win=424 Len=0 TSval=3000546775 TSecr=3707382224"
"419","0.888832","151.101.65.140","100.86.235.39","TCP","66","443  >  56438 [ACK] Seq=58919 Ack=6055 Win=424 Len=0 TSval=3000546776 TSecr=3707382225"
"420","0.890057","100.86.235.39","151.101.1.140","TCP","78","56451  >  443 [SYN] Seq=0 Win=65535 Len=0 MSS=1460 WS=64 TSval=1702456857 TSecr=0 SACK_PERM"
"421","0.892069","151.101.1.140","100.86.235.39","TCP","74","443  >  56450 [SYN, ACK] Seq=0 Ack=1 Win=65535 Len=0 MSS=1460 SACK_PERM TSval=2957462018 TSecr=4223983616 WS=512"
"422","0.892118","100.86.235.39","151.101.1.140","TCP","54","56450  >  443 [RST] Seq=1 Win=0 Len=0"
"423","0.892236","100.86.235.39","151.101.1.140","TCP","78","56452  >  443 [SYN] Seq=0 Win=65535 Len=0 MSS=1460 WS=64 TSval=1889147343 TSecr=0 SACK_PERM"
"424","0.893185","100.86.235.39","151.101.65.140","TLSv1.2","101","Application Data"
"425","0.896204","151.101.65.140","100.86.235.39","TCP","1510","443  >  56438 [ACK] Seq=58919 Ack=6055 Win=424 Len=1444 TSval=3000546783 TSecr=3707382225 [TCP PDU reassembled in 426]"
"426","0.896247","151.101.65.140","100.86.235.39","TLSv1.2","876","Application Data"
"427","0.896250","151.101.65.140","100.86.235.39","TLSv1.2","1226","Application Data"
"428","0.896353","100.86.235.39","151.101.65.140","TCP","66","56438  >  443 [ACK] Seq=6090 Ack=62333 Win=2311 Len=0 TSval=3707382242 TSecr=3000546783"
"429","0.896471","100.86.235.39","151.101.65.140","TCP","66","[TCP Window Update] 56438  >  443 [ACK] Seq=6090 Ack=62333 Win=2364 Len=0 TSval=3707382242 TSecr=3000546783"
"430","0.897041","151.101.65.140","100.86.235.39","TCP","1510","443  >  56438 [ACK] Seq=62333 Ack=6055 Win=424 Len=1444 TSval=3000546783 TSecr=3707382225 [TCP PDU reassembled in 431]"
"431","0.897043","151.101.65.140","100.86.235.39","TLSv1.2","97","Application Data"
"432","0.897130","100.86.235.39","151.101.65.140","TCP","66","56438  >  443 [ACK] Seq=6090 Ack=63808 Win=2341 Len=0 TSval=3707382242 TSecr=3000546783"
"433","0.897267","151.101.65.140","100.86.235.39","TCP","1510","443  >  56438 [ACK] Seq=63808 Ack=6055 Win=424 Len=1444 TSval=3000546784 TSecr=3707382225 [TCP PDU reassembled in 434]"
"434","0.897267","151.101.65.140","100.86.235.39","TLSv1.2","1270","Application Data"
"435","0.897318","100.86.235.39","151.101.65.140","TCP","66","56438  >  443 [ACK] Seq=6090 Ack=66456 Win=2323 Len=0 TSval=3707382243 TSecr=3000546784"
"436","0.898176","151.101.65.140","100.86.235.39","TLSv1.2","164","Application Data"
"437","0.898247","100.86.235.39","151.101.65.140","TCP","66","56438  >  443 [ACK] Seq=6090 Ack=66554 Win=2363 Len=0 TSval=3707382243 TSecr=3000546785"
"438","0.898365","151.101.65.140","100.86.235.39","TCP","1510","443  >  56438 [ACK] Seq=66554 Ack=6055 Win=424 Len=1444 TSval=3000546785 TSecr=3707382225 [TCP PDU reassembled in 439]"
"439","0.898366","151.101.65.140","100.86.235.39","TLSv1.2","467","Application Data"
"440","0.898414","100.86.235.39","151.101.65.140","TCP","66","56438  >  443 [ACK] Seq=6090 Ack=68399 Win=2335 Len=0 TSval=3707382245 TSecr=3000546785"
"441","0.898478","151.101.65.140","100.86.235.39","TLSv1.2","164","Application Data"
"442","0.898479","151.101.65.140","100.86.235.39","TCP","1510","443  >  56438 [ACK] Seq=68497 Ack=6055 Win=424 Len=1444 TSval=3000546785 TSecr=3707382225 [TCP PDU reassembled in 444]"
"443","0.898521","100.86.235.39","151.101.65.140","TCP","66","56438  >  443 [ACK] Seq=6090 Ack=69941 Win=2340 Len=0 TSval=3707382245 TSecr=3000546785"
"444","0.899204","151.101.65.140","100.86.235.39","TLSv1.2","543","Application Data"
"445","0.899207","151.101.65.140","100.86.235.39","TLSv1.2","1443","Application Data"
"446","0.899411","100.86.235.39","151.101.65.140","TCP","66","56438  >  443 [ACK] Seq=6090 Ack=71795 Win=2335 Len=0 TSval=3707382245 TSecr=3000546786"
"447","0.900308","151.101.65.140","100.86.235.39","TLSv1.2","165","Application Data"
"448","0.900310","151.101.65.140","100.86.235.39","TLSv1.2","1455","Application Data"
"449","0.900311","151.101.65.140","100.86.235.39","TLSv1.2","166","Application Data"
"450","0.900454","100.86.235.39","151.101.65.140","TCP","66","56438  >  443 [ACK] Seq=6090 Ack=73383 Win=2339 Len=0 TSval=3707382246 TSecr=3000546787"
"451","0.900610","151.101.65.140","100.86.235.39","TCP","1510","443  >  56438 [ACK] Seq=73383 Ack=6055 Win=424 Len=1444 TSval=3000546787 TSecr=3707382225 [TCP PDU reassembled in 452]"
"452","0.900611","151.101.65.140","100.86.235.39","TLSv1.2","409","Application Data"
"453","0.900611","151.101.65.140","100.86.235.39","TLSv1.2","166","Application Data"
"454","0.900612","151.101.65.140","100.86.235.39","TCP","1510","443  >  56438 [ACK] Seq=75270 Ack=6055 Win=424 Len=1444 TSval=3000546787 TSecr=3707382225 [TCP PDU reassembled in 456]"
"455","0.900657","100.86.235.39","151.101.65.140","TCP","66","56438  >  443 [ACK] Seq=6090 Ack=76714 Win=2289 Len=0 TSval=3707382247 TSecr=3000546787"
"456","0.900947","151.101.65.140","100.86.235.39","TLSv1.2","951","Application Data"
"457","0.901043","100.86.235.39","151.101.65.140","TCP","66","56438  >  443 [ACK] Seq=6090 Ack=77599 Win=2328 Len=0 TSval=3707382247 TSecr=3000546787"
"458","0.902595","151.101.65.140","100.86.235.39","TCP","66","443  >  56438 [ACK] Seq=77599 Ack=6090 Win=424 Len=0 TSval=3000546789 TSecr=3707382239"
"459","0.904290","151.101.1.140","100.86.235.39","TCP","74","443  >  56451 [SYN, ACK] Seq=0 Ack=1 Win=65535 Len=0 MSS=1460 SACK_PERM TSval=98346554 TSecr=1702456857 WS=512"
"460","0.904432","100.86.235.39","151.101.1.140","TCP","54","56451  >  443 [RST] Seq=1 Win=0 Len=0"
"461","0.906316","151.101.1.140","100.86.235.39","TCP","74","443  >  56452 [SYN, ACK] Seq=0 Ack=1 Win=65535 Len=0 MSS=1460 SACK_PERM TSval=1715197481 TSecr=1889147343 WS=512"
"462","0.906534","100.86.235.39","151.101.1.140","TCP","54","56452  >  443 [RST] Seq=1 Win=0 Len=0"
"463","1.274550","100.86.235.39","151.101.1.140","TCP","78","56453  >  443 [SYN] Seq=0 Win=65535 Len=0 MSS=1460 WS=64 TSval=3465127276 TSecr=0 SACK_PERM"
"464","1.276509","100.86.235.39","151.101.1.140","TCP","78","56454  >  443 [SYN] Seq=0 Win=65535 Len=0 MSS=1460 WS=64 TSval=2896958252 TSecr=0 SACK_PERM"
"465","1.278688","100.86.235.39","151.101.1.140","TCP","78","56455  >  443 [SYN] Seq=0 Win=65535 Len=0 MSS=1460 WS=64 TSval=3138828983 TSecr=0 SACK_PERM"
"466","1.295025","151.101.1.140","100.86.235.39","TCP","74","443  >  56455 [SYN, ACK] Seq=0 Ack=1 Win=65535 Len=0 MSS=1460 SACK_PERM TSval=3697084564 TSecr=3138828983 WS=512"
"467","1.295026","151.101.1.140","100.86.235.39","TCP","74","443  >  56454 [SYN, ACK] Seq=0 Ack=1 Win=65535 Len=0 MSS=1460 SACK_PERM TSval=3338726230 TSecr=2896958252 WS=512"
"468","1.295027","151.101.1.140","100.86.235.39","TCP","74","443  >  56453 [SYN, ACK] Seq=0 Ack=1 Win=65535 Len=0 MSS=1460 SACK_PERM TSval=627684181 TSecr=3465127276 WS=512"
"469","1.295097","100.86.235.39","151.101.1.140","TCP","54","56455  >  443 [RST] Seq=1 Win=0 Len=0"
"470","1.295152","100.86.235.39","151.101.1.140","TCP","54","56453  >  443 [RST] Seq=1 Win=0 Len=0"
"471","1.943659","100.86.235.39","151.101.65.140","TCP","1514","56383  >  443 [ACK] Seq=1 Ack=38747 Win=2048 Len=1448 TSval=1359757455 TSecr=556980782 [TCP PDU reassembled in 473]"
"472","1.943662","100.86.235.39","151.101.65.140","TCP","1514","56383  >  443 [ACK] Seq=1449 Ack=38747 Win=2048 Len=1448 TSval=1359757455 TSecr=556980782 [TCP PDU reassembled in 473]"
"473","1.943713","100.86.235.39","151.101.65.140","TLSv1.2","109","Application Data"
"474","1.943786","100.86.235.39","151.101.65.140","TCP","1514","56383  >  443 [ACK] Seq=2940 Ack=38747 Win=2048 Len=1448 TSval=1359757455 TSecr=556980782 [TCP PDU reassembled in 476]"
"475","1.943788","100.86.235.39","151.101.65.140","TCP","1514","56383  >  443 [ACK] Seq=4388 Ack=38747 Win=2048 Len=1448 TSval=1359757455 TSecr=556980782 [TCP PDU reassembled in 476]"
"476","1.943804","100.86.235.39","151.101.65.140","TLSv1.2","418","Application Data"
"477","1.960118","151.101.65.140","100.86.235.39","TCP","66","443  >  56383 [ACK] Seq=38747 Ack=2940 Win=533 Len=0 TSval=556982446 TSecr=1359757455"
"478","1.960119","151.101.65.140","100.86.235.39","TCP","66","443  >  56383 [ACK] Seq=38747 Ack=6188 Win=538 Len=0 TSval=556982446 TSecr=1359757455"
"479","1.982603","151.101.65.140","100.86.235.39","TCP","1510","443  >  56383 [ACK] Seq=38747 Ack=6188 Win=538 Len=1444 TSval=556982468 TSecr=1359757455 [TCP PDU reassembled in 480]"
"480","1.982604","151.101.65.140","100.86.235.39","TLSv1.2","885","Application Data"
"481","1.982743","100.86.235.39","151.101.65.140","TCP","66","56383  >  443 [ACK] Seq=6188 Ack=41010 Win=2012 Len=0 TSval=1359757495 TSecr=556982468"
"482","2.339524","151.101.1.140","100.86.235.39","TCP","74","[TCP Retransmission] 443  >  56454 [SYN, ACK] Seq=0 Ack=1 Win=65535 Len=0 MSS=1460 SACK_PERM TSval=3338727240 TSecr=2896958252 WS=512"
"483","2.339638","100.86.235.39","151.101.1.140","TCP","54","56454  >  443 [RST] Seq=1 Win=0 Len=0"
